filename,class,split
gas_4a4d1404a335e57a.jpg,NBI,train
gas_3b751cbb35aed5e6.jpg,NBI,train
gas_1fa33b626290c32a.jpg,NBI,train
gas_1ce9dad95feca67c.jpg,NBI,train
gas_f36d8a934f955e43.jpg,NBI,train
gas_1be14ee84d3c23b4.jpg,NBI,train
gas_208892ca28fafe2e.jpg,NBI,train
gas_2cdad3781471dd10.jpg,NBI,train
gas_4de8cc7c53bd1c9.jpg,NBI,train
gas_720d914becc21ca5.jpg,NBI,train
gas_1bde586c34d36ffb.jpg,NBI,train
gas_2e50908d40706a52.jpg,NBI,train
gas_68f981b0bf11f55a.jpg,NBI,train
gas_4b08cba24271f858.jpg,NBI,train
gas_1ae17b1209a3cd33.jpg,NBI,train
gas_2c9845b37d117f47.jpg,NBI,train
gas_4b934e167612771.jpg,NBI,train
gas_7e0839e8bedea3ea.jpg,NBI,train
gas_ac16204ad505582c.jpg,NBI,train
gas_89d45c2420537010.jpg,NBI,train
gas_a7694437cce3bce5.jpg,NBI,train
gas_4c97aae5daeee47c.jpg,NBI,train
gas_1ed160ab24193f82.jpg,NBI,train
gas_3df7b6f06a262ce9.jpg,NBI,train
gas_77ba223ef14b5cd2.jpg,NBI,train
gas_4a896dfc76fee7fe.jpg,NBI,train
gas_3f5aec5da4a2e74c.jpg,NBI,train
gas_f5d950074ed5d805.jpg,NBI,train
gas_10fd4d4f3a07b0c5.jpg,NBI,train
gas_397800f972b39d75.jpg,NBI,train
gas_3e67f49d1779b67b.jpg,NBI,train
gas_4b51f4053ef801d7.jpg,NBI,train
gas_1af40379610ca5b5.jpg,NBI,train
gas_508d1ff6cbb276ec.jpg,NBI,train
gas_1f51fb9d5020210e.jpg,NBI,train
gas_4d46e564da65789.jpg,NBI,train
gas_4acb0c4dd172d6ed.jpg,NBI,train
gas_4e02d747563f5133.jpg,NBI,train
gas_2b71c54f3db77c59.jpg,NBI,train
gas_d5858a777506b9e9.jpg,NBI,train
gas_ffd90ef7026b1ac9.jpg,NBI,train
gas_cc50edb2b07940b2.jpg,NBI,train
gas_3ab714974c232781.jpg,NBI,train
gas_1e82bdcfb6580084.jpg,NBI,train
gas_1ab6f60e0307d3e6.jpg,NBI,train
gas_aff3e42b86e4dcf9.jpg,NBI,train
gas_b715f041849ba83a.jpg,NBI,train
gas_3dc06cd4fed74242.jpg,NBI,train
gas_ffa4c83e6b4bf5bb.jpg,NBI,train
gas_5adb3d09f0b19823.jpg,NBI,train
gas_1daca81a67fea6f9.jpg,NBI,train
gas_84c12c4f8cd53d71.jpg,NBI,train
gas_3c12de16045627ae.jpg,NBI,train
gas_ffd12b35e3bfd6dc.jpg,NBI,train
gas_fbb179ebf5e887b8.jpg,NBI,train
gas_4c45177c57b20f13.jpg,NBI,train
gas_3e4baf0fa2887d74.jpg,NBI,train
gas_3f6cf4a16d16ce6d.jpg,NBI,train
gas_2d176bef6d8d42d1.jpg,NBI,train
gas_2c20688b4848b320.jpg,NBI,train
gas_f6107f8315ea7987.jpg,NBI,train
gas_6e9f38b5c1ee0260.jpg,NBI,train
gas_6cf7b03c4d8c275b.jpg,NBI,train
gas_4fd0c765c7455b73.jpg,NBI,train
gas_99f57735becc6721.jpg,NBI,train
gas_2b60dde07e7a1127.jpg,NBI,train
gas_1e23d3524e3830d6.jpg,NBI,train
gas_4f0bb6303047d87b.jpg,NBI,train
gas_107949f3e80b4a7f.jpg,NBI,train
gas_3ec3f162e30d0bcf.jpg,NBI,train
gas_54bee7b41c96c3b.jpg,NBI,train
gas_fa60f803b6e8456.jpg,NBI,train
gas_1f04bd85f097af8d.jpg,NBI,train
gas_4ea76a925235694e.jpg,NBI,train
gas_4c8e88e41756fe3a.jpg,NBI,train
gas_4f457d5c54779284.jpg,NBI,train
gas_d020e192dca8730d.jpg,NBI,train
gas_2a42f0d479b73eea.jpg,NBI,train
gas_1ee8754f993fbd80.jpg,NBI,train
gas_1b69384f8ceb3c91.jpg,NBI,train
gas_1f16e02b63b9b637.jpg,NBI,train
gas_49ac28b4af463607.jpg,NBI,train
gas_5e4914bed93e1811.jpg,NBI,train
gas_4a927904c5350e17.jpg,NBI,train
gas_5b8c08b092ecb6ef.jpg,NBI,train
gas_2cf22da4a849ca88.jpg,NBI,train
gas_66a1abc1942b880.jpg,NBI,train
gas_1c99187502a1c8ae.jpg,NBI,train
gas_5a80387874dbb37a.jpg,NBI,train
gas_700c95e1e714f13.jpg,NBI,train
gas_2fcb755b4b0ad068.jpg,NBI,train
gas_3ac7dafef1f9e36e.jpg,NBI,train
gas_3d3a21d89f65d29c.jpg,NBI,train
gas_3ac9a895daa94e8e.jpg,NBI,train
gas_aa3a46158b3c9006.jpg,NBI,train
gas_b762d0cb163faf1c.jpg,NBI,train
gas_3c8e86fc2eaac8.jpg,NBI,train
gas_3aed3da349e9217b.jpg,NBI,train
gas_728b38efc94957e1.jpg,NBI,train
gas_362008e69b0b460f.jpg,NBI,train
gas_3d1d488e722ac85c.jpg,NBI,train
gas_2c046fe090e9e282.jpg,NBI,train
gas_4b601fabd0e79329.jpg,NBI,train
gas_3ff243a08306edd0.jpg,NBI,train
gas_3a2bca782f175fb8.jpg,NBI,train
gas_3d23e8979816eddd.jpg,NBI,train
gas_3eb1caca216a5869.jpg,NBI,train
gas_2ea2762176e39823.jpg,NBI,train
gas_4ae617e5a245fce5.jpg,NBI,train
gas_5a7e8e61a6383c.jpg,NBI,train
gas_3dbc79284aad3fec.jpg,NBI,train
gas_5a1cf8ae7562f64c.jpg,NBI,train
gas_1f0c08808ff6bc6b.jpg,NBI,train
gas_fe1c2009db964c6.jpg,NBI,train
gas_53fe8936f00d330a.jpg,NBI,train
gas_b5655c085e108203.jpg,NBI,train
gas_7fc47fc41ee7864c.jpg,NBI,train
gas_2a3799aaa3fbde11.jpg,NBI,train
gas_4b6447ee8b52694c.jpg,NBI,train
gas_1c63ca40f59a382b.jpg,NBI,train
gas_4d0a49cd4fe9bb4f.jpg,NBI,train
gas_7fb82a7c2d26d80a.jpg,NBI,train
gas_3b060d7be406095d.jpg,NBI,train
gas_2da5fc90221ebcc4.jpg,NBI,train
gas_59e68c7c4e0e3d83.jpg,NBI,train
gas_2acd4e36da4c7150.jpg,NBI,train
gas_1b21efa7d827acc1.jpg,NBI,train
gas_fe043c2fd0194fc6.jpg,NBI,train
gas_b6771af517066173.jpg,NBI,train
gas_1e7713f5729a2caa.jpg,NBI,train
gas_3e41fe9bedcf2bd3.jpg,NBI,train
gas_2f9bfe9aceae4da8.jpg,NBI,train
gas_68fcb581b9c4afbf.jpg,NBI,train
gas_2ad6bcab25a5afaa.jpg,NBI,train
gas_f32f149bb9361c0.jpg,NBI,train
gas_33bd1955756d35dd.jpg,NBI,train
gas_3d66709f0d28f03f.jpg,NBI,train
gas_b8348849142afa72.jpg,NBI,train
gas_d5bfa909e34b6744.jpg,NBI,train
gas_2b60869b7e3c627d.jpg,NBI,train
gas_1de9bceb35739bd5.jpg,NBI,train
gas_1b444703840cb296.jpg,NBI,train
gas_4ea17523283185ae.jpg,NBI,train
gas_4b559bd70a89eac0.jpg,NBI,train
gas_17cb8011e7357e7c.jpg,NBI,train
gas_99fbee396532c781.jpg,NBI,train
gas_6cda472c4a9c9610.jpg,NBI,train
gas_3f151cae91d24f67.jpg,NBI,train
gas_d4963fb8787b3282.jpg,NBI,train
gas_6cccb108cd866391.jpg,NBI,train
gas_2dda2f469f641868.jpg,NBI,train
gas_2ee8e53ca20a299e.jpg,NBI,train
gas_2b714b06a60e137e.jpg,NBI,train
gas_4d5ad95b5de9c14c.jpg,NBI,train
gas_ff6c66255420ebfe.jpg,NBI,train
gas_3aa69a402429125c.jpg,NBI,train
gas_2c99d75f992d1929.jpg,NBI,train
gas_2d08f0f18b153d71.jpg,NBI,train
gas_3c7a933bec09dc3f.jpg,NBI,train
gas_3e1c00e5d7d74376.jpg,NBI,train
gas_9da63bf36317d5bb.jpg,NBI,train
gas_99902dd7a48e2ea8.jpg,NBI,train
gas_17d7f36c8c81baa7.jpg,NBI,train
gas_9ba780f85a065e5c.jpg,NBI,train
gas_28d75972731cd9be.jpg,NBI,train
gas_b6c5a565cf807fd.jpg,NBI,train
gas_2f29a978663a7b8b.jpg,NBI,train
gas_2a074d6c95f1970b.jpg,NBI,train
gas_3cd8db2c3aa754f4.jpg,NBI,train
gas_1e914b690c2e73dc.jpg,NBI,train
gas_1d6166365d452611.jpg,NBI,train
gas_a817849fbd66b0c8.jpg,NBI,train
gas_d84e62e75230d42d.jpg,NBI,train
gas_1cef189e9b9e4f13.jpg,NBI,train
gas_3d371023ab1e2bfc.jpg,NBI,train
gas_4f2e5b8f9aae906b.jpg,NBI,train
gas_2d79e81975d12464.jpg,NBI,train
gas_5a22c46189bcee7a.jpg,NBI,train
gas_1ce79085e8581880.jpg,NBI,train
gas_2dfbfd0b28aca611.jpg,NBI,train
gas_1c1d9efa0c51fb2b.jpg,NBI,train
gas_4e72d2654d209a0a.jpg,NBI,train
gas_e0e5416e30ea4589.jpg,NBI,train
gas_2c464c485292f3d3.jpg,NBI,train
gas_3f0a54a1869553b3.jpg,NBI,train
gas_1d5114e9b073de0e.jpg,NBI,train
gas_5b521bd951ad68ea.jpg,NBI,train
gas_1cb59c3dd4f43504.jpg,NBI,train
gas_3a2eab7e8610a311.jpg,NBI,train
gas_2bf3c44aff43a781.jpg,NBI,train
gas_1d55a5aa46fb5429.jpg,NBI,train
gas_3a763830bbf13a38.jpg,NBI,train
gas_f5c43c1e8e0d856e.jpg,NBI,train
gas_2cf0e47d77dca3e.jpg,NBI,train
gas_2d7deb3f97a39c49.jpg,NBI,train
gas_5a42e9174390b010.jpg,NBI,train
gas_76d1f68ed74edf6b.jpg,NBI,train
gas_4fcc4d38c7b86643.jpg,NBI,train
gas_fa779a91a6cbc883.jpg,NBI,train
gas_1a22e2c2a978c376.jpg,NBI,train
gas_ffa0c344b53d7ae0.jpg,NBI,train
gas_880a9e07e3ff310f.jpg,NBI,train
gas_65b5e86dbf3e7270.jpg,NBI,train
gas_1cdd8d6c9e7e29dc.jpg,NBI,train
gas_3abfeaf46e1ec7cf.jpg,NBI,train
gas_4b32948d8cfca917.jpg,NBI,train
gas_2a6fabd9809b8ee8.jpg,NBI,train
gas_74c1020ba861369b.jpg,NBI,train
gas_5c3b62618aa7bdb0.jpg,NBI,train
gas_1a565dddc9c664bc.jpg,NBI,train
gas_89d2634a87dfe695.jpg,NBI,train
gas_98e95434855012fb.jpg,NBI,train
gas_4e1a4acc0a56cfe.jpg,NBI,train
gas_1a882b9870b7431a.jpg,NBI,train
gas_1c32ab5d85011791.jpg,NBI,train
gas_2b102670c6385d94.jpg,NBI,train
gas_3ea410a83943e8a6.jpg,NBI,train
gas_3bb953b40703acce.jpg,NBI,train
gas_d226d8a8e10c29dc.jpg,NBI,train
gas_7f024bb5e2af725a.jpg,NBI,train
gas_e2dfb6339e6871d2.jpg,NBI,train
gas_3f118ac362c8afcd.jpg,NBI,train
gas_2b09ae8d19ca7eeb.jpg,NBI,train
gas_4d534f60542cf29.jpg,NBI,train
gas_5c437bd749cafe5a.jpg,NBI,train
gas_2e27cf02f9609578.jpg,NBI,train
gas_5f207bb846ef59ff.jpg,NBI,train
gas_1a2e9fced6582e1b.jpg,NBI,train
gas_3e1058a3c56ed8d5.jpg,NBI,train
gas_4b059f10e8b3f6e.jpg,NBI,train
gas_84ad6050006fccd5.jpg,NBI,train
gas_4a3917d6c853c80c.jpg,NBI,train
gas_b2d811d112a8550.jpg,NBI,train
gas_3aedfdb68e4f9461.jpg,NBI,train
gas_fff3fc483c7599ed.jpg,NBI,train
gas_3d879ed09be14028.jpg,NBI,train
gas_f76ca2dbbb5c4376.jpg,NBI,train
gas_5da1841e60e7404d.jpg,NBI,train
gas_f31f2a744bf72890.jpg,NBI,train
gas_911cfc7a79d4b896.jpg,NBI,train
gas_3e4574580073bb43.jpg,NBI,train
gas_2d27aea5a531f934.jpg,NBI,train
gas_1d8d92535f8af770.jpg,NBI,train
gas_8d1ba6869796426b.jpg,NBI,train
gas_1e1eff82696a73b8.jpg,NBI,train
gas_58997f5fed313ad2.jpg,NBI,train
gas_2a521bbb6c0f9d94.jpg,NBI,train
gas_114a4b3b993b005d.jpg,NBI,train
gas_3d265c50a9ba03fd.jpg,NBI,train
gas_1f9e204901076225.jpg,NBI,train
gas_fc768f0712388ba1.jpg,NBI,train
gas_4b17e7bb90c3d1bf.jpg,NBI,train
gas_3c483af74c58a9be.jpg,NBI,train
gas_3fd2472b7de368f6.jpg,NBI,train
gas_1acb715958fa714d.jpg,NBI,train
gas_2f48819254168f74.jpg,NBI,train
gas_2e3ae782e6a56be4.jpg,NBI,train
gas_2a5fe6b120f3abd3.jpg,NBI,train
gas_5b6988c485b6795d.jpg,NBI,train
gas_fcf2f01041e46f73.jpg,NBI,train
gas_2de2ff1fa605472d.jpg,NBI,train
gas_3eb2bc3168cd5c31.jpg,NBI,train
gas_3cb51e9a00fb5238.jpg,NBI,train
gas_2d2eec171a0d08d0.jpg,NBI,train
gas_2d67d4e0c7c13aa7.jpg,NBI,train
gas_1cffc9b7aa43968e.jpg,NBI,train
gas_1aca1807e98a58d0.jpg,NBI,train
gas_4b5e6c728cc46e85.jpg,NBI,train
gas_1a3b3590a2e4b7dc.jpg,NBI,train
gas_1c725ee884e22188.jpg,NBI,train
gas_1fd0c345e36e9e42.jpg,NBI,train
gas_66cf69de9d8f9d2a.jpg,NBI,train
gas_3cc2dcb2177557e1.jpg,NBI,train
gas_3d647f5d29ab58d0.jpg,NBI,train
gas_524f8de1896d4a3c.jpg,NBI,train
gas_4e670d6a8d7f56d.jpg,NBI,train
gas_1d4c1b72eb3eaebd.jpg,NBI,train
gas_2e1618fce72a596d.jpg,NBI,train
gas_b6abf7d7a09860b2.jpg,NBI,train
gas_5f5b72c5ba72d665.jpg,NBI,train
gas_255115a5a008e53.jpg,NBI,train
gas_2b635f45381ca69a.jpg,NBI,train
gas_5e8078777bee3b79.jpg,NBI,train
gas_5fa5502ae99f5565.jpg,NBI,train
gas_4dedd87582595f45.jpg,NBI,train
gas_fe4bfead9d66d2cb.jpg,NBI,train
gas_ac74629e3383beaf.jpg,NBI,train
gas_ab9e0cfdf5e7832a.jpg,NBI,train
gas_4a643b38ed1e8f74.jpg,NBI,train
gas_40589c609b6c528c.jpg,NBI,train
gas_3fc20e6b08000857.jpg,NBI,train
gas_b73d157791bf1af4.jpg,NBI,train
gas_2ed540ba4161b36e.jpg,NBI,train
gas_4b31dd4b146b3045.jpg,NBI,train
gas_4f4450dc64e06b6.jpg,NBI,train
gas_4d1a13217b89d036.jpg,NBI,train
gas_881f6fc0518d6f72.jpg,NBI,train
gas_4bb6b3b8bd28c9fe.jpg,NBI,train
gas_3ec82ffcb2d207bd.jpg,NBI,train
gas_58296f1074e9434d.jpg,NBI,train
gas_3c28b3ffe3be4d7e.jpg,NBI,train
gas_a2407e42e74bdfd8.jpg,NBI,train
gas_4dceb6b08820bf90.jpg,NBI,train
gas_4ad303a49b099849.jpg,NBI,train
gas_4b1e1b99b29bdd3.jpg,NBI,train
gas_fb907d66d036ee22.jpg,NBI,train
gas_77c92dec7327a90b.jpg,NBI,train
gas_1f7d9eb84e3b237a.jpg,NBI,train
gas_1ef48882dec4aca1.jpg,NBI,train
gas_b722e58144746ce4.jpg,NBI,train
gas_2b3186196436ca0b.jpg,NBI,train
gas_4ac3510e6cdd3cf4.jpg,NBI,train
gas_cd423f26cf4a9ce0.jpg,NBI,train
gas_2fce023d747ac34c.jpg,NBI,train
gas_2ff8de9fffaebff1.jpg,NBI,train
gas_1d41b06eaff30dc0.jpg,NBI,train
gas_3dbbbf20cbac2b67.jpg,NBI,train
gas_5c7a9d22145148ad.jpg,NBI,train
gas_1b20a9f48f188fa.jpg,NBI,train
gas_60a0502e5f40c2a8.jpg,NBI,train
gas_3a018b7038f78647.jpg,NBI,train
gas_881f6ded6048b083.jpg,NBI,train
gas_98e928d7977f3aa5.jpg,NBI,train
gas_3f9776b08515500a.jpg,NBI,train
gas_5b01c26706bc2d6e.jpg,NBI,train
gas_74bd57b48a4ab560.jpg,NBI,train
gas_3e83d1e7568a59ec.jpg,NBI,train
gas_3b82c9f8fa2a5337.jpg,NBI,train
gas_5da050613bd5850e.jpg,NBI,train
gas_5a12ec0cc30c15e6.jpg,NBI,train
gas_2ef75d5f700c46e.jpg,NBI,train
gas_b04fa0fbafa2e7fe.jpg,NBI,train
gas_4baf3487697ebe96.jpg,NBI,train
gas_3b2370c67a3dfdec.jpg,NBI,train
gas_d6a3f13d189cc133.jpg,NBI,train
gas_5b61205ef5cb56a.jpg,NBI,train
gas_3f58e50dbceef590.jpg,NBI,train
gas_17d1c0cab65c3e4c.jpg,NBI,train
gas_fa9da3184f4330f.jpg,NBI,train
gas_53f42e42af41ca1b.jpg,NBI,train
gas_fcfb699248eb3c12.jpg,NBI,train
gas_1c3aafccbada72b4.jpg,NBI,train
gas_1bbce459a3633dc4.jpg,NBI,train
gas_9a3981de9eec77d3.jpg,NBI,train
gas_3b6056a37da04cc8.jpg,NBI,train
gas_1fd45b8c63a3ab9d.jpg,NBI,train
gas_94b3906e5c6cc2b2.jpg,NBI,train
gas_2cdeb0492396a335.jpg,NBI,train
gas_4a9b80d265b0794e.jpg,NBI,train
gas_b71e24a6a1078672.jpg,NBI,train
gas_4a46269ca1fb17c4.jpg,NBI,train
gas_6b53838f8c2d441b.jpg,NBI,train
gas_3f9fa9de8761381b.jpg,NBI,train
gas_4efb491b2dd3c418.jpg,NBI,train
gas_2fac6308dd284e10.jpg,NBI,train
gas_63a96ffbb79794ac.jpg,NBI,train
gas_3ee1dec697a4a7be.jpg,NBI,train
gas_2e2c7abaca10bfbd.jpg,NBI,train
gas_1af0168a98d168c7.jpg,NBI,train
gas_d84b2921213c88e6.jpg,NBI,train
gas_9bcdd6fe1285725a.jpg,NBI,train
gas_a6510dc65f9c802f.jpg,NBI,train
gas_83f5e3af2e45f5e1.jpg,NBI,train
gas_4d151a64d910d80.jpg,NBI,train
gas_60daa9f7203a10ad.jpg,NBI,train
gas_a6301fbfbd017e91.jpg,NBI,train
gas_5ea0d87b0bd3fa10.jpg,NBI,train
gas_3d43da38451e3496.jpg,NBI,train
gas_9b920614ee2d4f04.jpg,NBI,train
gas_1beb60ce4a527ff1.jpg,NBI,train
gas_93830e1c0b5353bd.jpg,NBI,train
gas_2b2a83fa5de2814a.jpg,NBI,train
gas_4c0c3b02e1128d6b.jpg,NBI,train
gas_3a0b337c1466e067.jpg,NBI,train
gas_f5c2fef23217c3ce.jpg,NBI,train
gas_d160b0c2af927a5e.jpg,NBI,train
gas_3a6b78ebc538189f.jpg,NBI,train
gas_afd0393c2016cd2d.jpg,NBI,train
gas_1a76915bde1e7446.jpg,NBI,train
gas_4c4191609c6d7fd2.jpg,NBI,train
gas_b70cc4c249a0da7c.jpg,NBI,train
gas_2e5ef9294674fe8a.jpg,NBI,train
gas_1fe952c46db0ab43.jpg,NBI,train
gas_5b5c77ca5a453ca2.jpg,NBI,train
gas_f42be7601614c4f7.jpg,NBI,train
gas_e0e4f10db7959bff.jpg,NBI,train
gas_2b34a1fc0ce8a706.jpg,NBI,train
gas_3d1fee61c824c670.jpg,NBI,train
gas_f5659f90f14ada61.jpg,NBI,train
gas_4ca1060464ce7471.jpg,NBI,train
gas_4b946b113dcf6a8.jpg,NBI,train
gas_3a23525d635620c6.jpg,NBI,train
gas_4eed90bc017eaea6.jpg,NBI,train
gas_2b2caf7b753e2ac8.jpg,NBI,train
gas_3bacaace62f3fb4f.jpg,NBI,train
gas_3c871a21021286d6.jpg,NBI,train
gas_2ebbd34bbeaf7814.jpg,NBI,train
gas_f5e97f3a3be0f58c.jpg,NBI,train
gas_fc1bdde8b86c764.jpg,NBI,train
gas_d5cbd900b577236b.jpg,NBI,train
gas_1ffa2aa681a9083c.jpg,NBI,val
gas_1a8586353b6a38c2.jpg,NBI,val
gas_5ba15a9cc3d26efe.jpg,NBI,val
gas_6c306b1bad2a08c0.jpg,NBI,val
gas_4bf91e0a967677fd.jpg,NBI,val
gas_53e9fad4e6fac7cf.jpg,NBI,val
gas_2db271a5a00c482d.jpg,NBI,val
gas_4a6a66d28e2cb51a.jpg,NBI,val
gas_ff174f1892b18101.jpg,NBI,val
gas_3a93aaf3b1a7fdc0.jpg,NBI,val
gas_2d6611601a17e2b2.jpg,NBI,val
gas_4dc949dae3ecc140.jpg,NBI,val
gas_559c9a212cbdee2.jpg,NBI,val
gas_4e51cac052eb71a0.jpg,NBI,val
gas_6e9a59559af7b282.jpg,NBI,val
gas_6e7fe0632a04f570.jpg,NBI,val
gas_5c85ac0f4e408571.jpg,NBI,val
gas_1a04dc55dd0a8e12.jpg,NBI,val
gas_2abdfebf5a060fcd.jpg,NBI,val
gas_cc47fb76ce4017cf.jpg,NBI,val
gas_4ae1cf8cf4ec701a.jpg,NBI,val
gas_2f43ba999483a9d0.jpg,NBI,val
gas_4b9bdc373d8b8e88.jpg,NBI,val
gas_2c8d308fa6615bfd.jpg,NBI,val
gas_d7b3a1629c44d89.jpg,NBI,val
gas_4c117eb60fdf5fe9.jpg,NBI,val
gas_8d4d1595357761b7.jpg,NBI,val
gas_1ff42def0e544335.jpg,NBI,val
gas_d8d879edfa00e8d.jpg,NBI,val
gas_1c54802c70667d81.jpg,NBI,val
gas_1b65037f42def67b.jpg,NBI,val
gas_5dceddcc493749c4.jpg,NBI,val
gas_450424c3af5957e1.jpg,NBI,val
gas_1d63bd36cb8320db.jpg,NBI,val
gas_2fe5dcd96ed73e29.jpg,NBI,val
gas_76cf877dcf3d2244.jpg,NBI,val
gas_1adc00e957aaef2f.jpg,NBI,val
gas_2e083cdd3be81a2a.jpg,NBI,val
gas_93790c3736833cc.jpg,NBI,val
gas_fb01238849257814.jpg,NBI,val
gas_2b6cf719c36a925.jpg,NBI,val
gas_17bfeed7f7e669ec.jpg,NBI,val
gas_1e4c4f933d9097cc.jpg,NBI,val
gas_4abd84130c6a0e92.jpg,NBI,val
gas_f75e554fc73fd471.jpg,NBI,val
gas_2ff8e2db3424fdfb.jpg,NBI,val
gas_4ccdd89e2c7b35e6.jpg,NBI,val
gas_f53054f4c534edae.jpg,NBI,val
gas_2da623fb2f6abd8d.jpg,NBI,val
gas_4ef4ce739cebfbb6.jpg,NBI,val
gas_3e9cefb4f915214c.jpg,NBI,val
gas_4d8f0f644e7d68f7.jpg,NBI,val
gas_66aac9d358cf305c.jpg,NBI,val
gas_3e7dc3c3cbd1a065.jpg,NBI,val
gas_161a2b0d2d64c7fd.jpg,NBI,val
gas_1f464e0938d9ea83.jpg,NBI,val
gas_4e87e52d0062a24d.jpg,NBI,val
gas_48fa648539a03708.jpg,NBI,val
gas_5fa43c60e69db4a5.jpg,NBI,val
gas_2e37880203e6dae1.jpg,NBI,val
gas_d9d11437c2e141d.jpg,NBI,val
gas_2b08b1772b927c3f.jpg,NBI,val
gas_9b7357d1876a37e5.jpg,NBI,val
gas_2fd0dbfea1e9f423.jpg,NBI,val
gas_5aeb0f2c90544f0a.jpg,NBI,val
gas_4c380ff929c168f8.jpg,NBI,val
gas_3adcac3e6bf2bbd7.jpg,NBI,val
gas_3e15e23ba497bdb0.jpg,NBI,val
gas_2b3ea78d51192938.jpg,NBI,val
gas_2dd1db9d587c3dcb.jpg,NBI,val
gas_82f0d12d0c7a1f1d.jpg,NBI,val
gas_4d489606f8205c92.jpg,NBI,val
gas_2a1bcf45d1f9f3fc.jpg,NBI,val
gas_4da74e8c1eea99a7.jpg,NBI,val
gas_55dc1791bcb66568.jpg,NBI,val
gas_4d04cd34d5b8846b.jpg,NBI,val
gas_4ea789419f7de643.jpg,NBI,val
gas_ce968b3371b819ed.jpg,NBI,val
gas_ba1c5414375043fc.jpg,NBI,val
gas_5f58beba62c4a755.jpg,NBI,val
gas_80cb465b3306aa9e.jpg,NBI,val
gas_3fa615b62bd7d688.jpg,NBI,val
gas_ff3576877cdba4f5.jpg,NBI,val
gas_76c18054c2462f92.jpg,NBI,val
gas_8eb46ae2f727c74d.jpg,NBI,val
gas_2fbadc695daa7505.jpg,NBI,val
gas_100157d8691e2260.jpg,NBI,val
gas_4a325a849f6a42ef.jpg,NBI,val
gas_44314db77067a81c.jpg,NBI,val
gas_58213c1639f50682.jpg,NBI,val
gas_1dfb2ec588460ec9.jpg,NBI,val
gas_3eaa99c80a3b2121.jpg,NBI,val
gas_1fefde5fa0a340aa.jpg,NBI,val
gas_d9bbfaacd3c884df.jpg,NBI,val
gas_3dcd6a341017236b.jpg,NBI,val
gas_2b87d9317831b12f.jpg,NBI,val
gas_a21763490b13da4c.jpg,NBI,val
gas_4b9fadbd14ad5079.jpg,NBI,val
gas_3f1731694c85e32b.jpg,NBI,val
gas_5b685f75fcd0edc2.jpg,NBI,val
gas_27616.jpg,WL,train
gas_26820.jpg,WL,train
gas_497f0077275bf5b4.jpg,WL,train
gas_27555.jpg,WL,train
gas_1d1701be759d5d71.jpg,WL,train
gas_1f4971dc7a4061f9.jpg,WL,train
gas_91ccd8fa7b9b1e01.jpg,WL,train
gas_26257.jpg,WL,train
gas_5e21055e3aae32e9.jpg,WL,train
gas_25878.jpg,WL,train
gas_32869.jpg,WL,train
gas_24d36f49e325dc92.jpg,WL,train
gas_32864.jpg,WL,train
gas_931da511820cdaa2.jpg,WL,train
gas_25728.jpg,WL,train
gas_32347.jpg,WL,train
gas_f6af7d969723dda5.jpg,WL,train
gas_35850.jpg,WL,train
gas_32690.jpg,WL,train
gas_54c0c3d43478b897.jpg,WL,train
gas_797ea39c92ffec2a.jpg,WL,train
gas_32560.jpg,WL,train
gas_33010.jpg,WL,train
gas_6e9c8de8f87d5a3.jpg,WL,train
gas_58c1afb2372bad1e.jpg,WL,train
gas_8f4df0295c29e78d.jpg,WL,train
gas_8f495a2063663e51.jpg,WL,train
gas_27433.jpg,WL,train
gas_1d964047d7e50c3.jpg,WL,train
gas_27358.jpg,WL,train
gas_25877.jpg,WL,train
gas_32226.jpg,WL,train
gas_9978109c02d84c55.jpg,WL,train
gas_26164.jpg,WL,train
gas_2dfcb4ba002672e5.jpg,WL,train
gas_32317.jpg,WL,train
gas_35841.jpg,WL,train
gas_26326.jpg,WL,train
gas_26817.jpg,WL,train
gas_34323.jpg,WL,train
gas_25635.jpg,WL,train
gas_40c2340c52134d62.jpg,WL,train
gas_498dc97182c798a5.jpg,WL,train
gas_23a4fbd8a4637ff.jpg,WL,train
gas_77bffc8c883f04b2.jpg,WL,train
gas_54d944f0ebfcb615.jpg,WL,train
gas_35840.jpg,WL,train
gas_40c5a3e94bac5c27.jpg,WL,train
gas_33053.jpg,WL,train
gas_25579.jpg,WL,train
gas_26789.jpg,WL,train
gas_1d99c2c78941413f.jpg,WL,train
gas_1db07fa858189e1b.jpg,WL,train
gas_1c1e4c62b50c6000.jpg,WL,train
gas_511b38578f726c3b.jpg,WL,train
gas_27550.jpg,WL,train
gas_36588.jpg,WL,train
gas_32222.jpg,WL,train
gas_25793.jpg,WL,train
gas_56c89191266f2c37.jpg,WL,train
gas_59e0df2ba2920a89.jpg,WL,train
gas_26282.jpg,WL,train
gas_25921.jpg,WL,train
gas_278cf2990e999222.jpg,WL,train
gas_33092.jpg,WL,train
gas_496bf12f5a50e340.jpg,WL,train
gas_7cef46a7e6ad5ff8.jpg,WL,train
gas_34320.jpg,WL,train
gas_35847.jpg,WL,train
gas_25368.jpg,WL,train
gas_35747.jpg,WL,train
gas_33026.jpg,WL,train
gas_36586.jpg,WL,train
gas_1d82bee3e62fa1a7.jpg,WL,train
gas_25922.jpg,WL,train
gas_36000.jpg,WL,train
gas_4aeffd8a9a627147.jpg,WL,train
gas_25794.jpg,WL,train
gas_5a5ee27bb76810c5.jpg,WL,train
gas_27430.jpg,WL,train
gas_25581.jpg,WL,train
gas_26256.jpg,WL,train
gas_1e60ab80b57655b5.jpg,WL,train
gas_4b9c99460e2e565f.jpg,WL,train
gas_35843.jpg,WL,train
gas_36935.jpg,WL,train
gas_54b9971ec90ca5db.jpg,WL,train
gas_25580.jpg,WL,train
gas_26201.jpg,WL,train
gas_32865.jpg,WL,train
gas_26258.jpg,WL,train
gas_1a0879d0d44514ae.jpg,WL,train
gas_426ca6192eaed8d2.jpg,WL,train
gas_27427.jpg,WL,train
gas_6917060e5c2b9bae.jpg,WL,train
gas_56cbfcf328b01639.jpg,WL,train
gas_496a529677c94e6.jpg,WL,train
gas_26652.jpg,WL,train
gas_5a6f0e5eb73fae4b.jpg,WL,train
gas_35860.jpg,WL,train
gas_16fb154c237ae81.jpg,WL,train
gas_7db6f3281f158195.jpg,WL,train
gas_826f94bbeece2371.jpg,WL,train
gas_32253.jpg,WL,train
gas_49affe6be52a0055.jpg,WL,train
gas_32350.jpg,WL,train
gas_32559.jpg,WL,train
gas_27552.jpg,WL,train
gas_25923.jpg,WL,train
gas_26241.jpg,WL,train
gas_32561.jpg,WL,train
gas_34269.jpg,WL,train
gas_36933.jpg,WL,train
gas_27146.jpg,WL,train
gas_34063.jpg,WL,train
gas_32868.jpg,WL,train
gas_26240.jpg,WL,train
gas_1c33d57f6e22cc5b.jpg,WL,train
gas_32692.jpg,WL,train
gas_49a5bc30c8afb1cd.jpg,WL,train
gas_490c03535763a9e1.jpg,WL,train
gas_402e39ef68812a81.jpg,WL,train
gas_77dfd8e5ffc4bf76.jpg,WL,train
gas_d55f5a7318237a8c.jpg,WL,train
gas_35723.jpg,WL,train
gas_25792.jpg,WL,train
gas_70d5cfc6873fc417.jpg,WL,train
gas_d775a02fc84eecfb.jpg,WL,train
gas_33049.jpg,WL,train
gas_3b6795891387eea.jpg,WL,train
gas_c9fe755d8140563c.jpg,WL,train
gas_18fb5d3a2b10df00.jpg,WL,train
gas_26283.jpg,WL,train
gas_25596.jpg,WL,train
gas_c4c8103d631c79a5.jpg,WL,train
gas_33023.jpg,WL,train
gas_27431.jpg,WL,train
gas_6e09f2bbc758e76.jpg,WL,train
gas_26198.jpg,WL,train
gas_27553.jpg,WL,train
gas_32367.jpg,WL,train
gas_37013.jpg,WL,train
gas_d960e15c3477c2f7.jpg,WL,train
gas_32316.jpg,WL,train
gas_87e4db72a26589.jpg,WL,train
gas_25642.jpg,WL,train
gas_32870.jpg,WL,train
gas_2dd272d765498d31.jpg,WL,train
gas_26255.jpg,WL,train
gas_35724.jpg,WL,train
gas_32449.jpg,WL,train
gas_32322.jpg,WL,train
gas_8f70d585559b69ef.jpg,WL,train
gas_26150.jpg,WL,train
gas_1a9d22697bc5aceb.jpg,WL,train
gas_33139.jpg,WL,train
gas_32311.jpg,WL,train
gas_32468.jpg,WL,train
gas_27360.jpg,WL,train
gas_32369.jpg,WL,train
gas_27671.jpg,WL,train
gas_32223.jpg,WL,train
gas_27619.jpg,WL,train
gas_4afe404088ae0749.jpg,WL,train
gas_25578.jpg,WL,train
gas_1a2188a6276d09e2.jpg,WL,train
gas_64ada98238e13a89.jpg,WL,train
gas_26004.jpg,WL,train
gas_1abf10f6f708133e.jpg,WL,train
gas_32320.jpg,WL,train
gas_36896.jpg,WL,train
gas_402a7b362c56ad33.jpg,WL,train
gas_91c208c5959226e4.jpg,WL,train
gas_28ae97b3e4beaa70.jpg,WL,train
gas_4b1b91cc88d52121.jpg,WL,train
gas_32862.jpg,WL,train
gas_26787.jpg,WL,train
gas_26252.jpg,WL,train
gas_34271.jpg,WL,train
gas_26199.jpg,WL,train
gas_25726.jpg,WL,train
gas_33046.jpg,WL,train
gas_25641.jpg,WL,train
gas_54be42900f0c3db0.jpg,WL,train
gas_32313.jpg,WL,train
gas_77d8e517ddf19b41.jpg,WL,train
gas_33013.jpg,WL,train
gas_26786.jpg,WL,train
gas_25795.jpg,WL,train
gas_25729.jpg,WL,train
gas_25595.jpg,WL,train
gas_32315.jpg,WL,train
gas_27618.jpg,WL,train
gas_26253.jpg,WL,train
gas_26650.jpg,WL,train
gas_510efeed33228ac0.jpg,WL,train
gas_26423.jpg,WL,train
gas_26443.jpg,WL,train
gas_35721.jpg,WL,train
gas_77d3df7f318e088b.jpg,WL,train
gas_37014.jpg,WL,train
gas_36895.jpg,WL,train
gas_1c1d24c44a9cc215.jpg,WL,train
gas_27747.jpg,WL,train
gas_3a755a062a40c025.jpg,WL,train
gas_32469.jpg,WL,train
gas_32351.jpg,WL,train
gas_11536861cc337726.jpg,WL,train
gas_14870917c3538fe4.jpg,WL,train
gas_26324.jpg,WL,train
gas_22e1820433d206bc.jpg,WL,train
gas_f5e5018245a81696.jpg,WL,train
gas_35772.jpg,WL,train
gas_26325.jpg,WL,train
gas_1d9dd3b19562ab84.jpg,WL,train
gas_32225.jpg,WL,train
gas_19a4ba0bcfeac547.jpg,WL,train
gas_4b42d664bb3f67f0.jpg,WL,train
gas_25880.jpg,WL,train
gas_28c378b6ed91dd.jpg,WL,train
gas_1a97dcd379c6de45.jpg,WL,train
gas_26755.jpg,WL,train
gas_4eb8809affbaeebb.jpg,WL,train
gas_1a3269b18a7cd024.jpg,WL,train
gas_33016.jpg,WL,train
gas_36839.jpg,WL,train
gas_338ecf2e48d3b1.jpg,WL,train
gas_35187.jpg,WL,train
gas_25924.jpg,WL,train
gas_27670.jpg,WL,train
gas_3e039ece1d4bd209.jpg,WL,train
gas_26757.jpg,WL,train
gas_32987.jpg,WL,train
gas_27668.jpg,WL,train
gas_25632.jpg,WL,train
gas_26348.jpg,WL,train
gas_27551.jpg,WL,train
gas_70c7926973cc083c.jpg,WL,train
gas_32349.jpg,WL,train
gas_32224.jpg,WL,train
gas_32319.jpg,WL,train
gas_32368.jpg,WL,train
gas_27280.jpg,WL,train
gas_26239.jpg,WL,train
gas_73b11004a803b367.jpg,WL,train
gas_25644.jpg,WL,train
gas_33045.jpg,WL,train
gas_58bcd3cfea77aeba.jpg,WL,train
gas_493ea7f659fc7268.jpg,WL,train
gas_33014.jpg,WL,train
gas_1a7f3a74802adace.jpg,WL,train
gas_26350.jpg,WL,train
gas_c82a4de3903abbc2.jpg,WL,train
gas_32232.jpg,WL,train
gas_27745.jpg,WL,train
gas_33104.jpg,WL,train
gas_35722.jpg,WL,train
gas_25610.jpg,WL,train
gas_27428.jpg,WL,train
gas_33011.jpg,WL,train
gas_26669.jpg,WL,train
gas_5094cfee8f54d7cf.jpg,WL,train
gas_33047.jpg,WL,train
gas_73b479281b1feeeb.jpg,WL,train
gas_25609.jpg,WL,train
gas_c9fe616e1382d5f5.jpg,WL,train
gas_1c4da17c7d320cef.jpg,WL,train
gas_16f71bb245775bca.jpg,WL,train
gas_36894.jpg,WL,train
gas_26389.jpg,WL,train
gas_32467.jpg,WL,train
gas_4b07f14ec331a661.jpg,WL,train
gas_33054.jpg,WL,train
gas_27359.jpg,WL,train
gas_32861.jpg,WL,train
gas_3422f83f7b148956.jpg,WL,train
gas_36934.jpg,WL,train
gas_26281.jpg,WL,train
gas_36584.jpg,WL,train
gas_59e67638117c4d5a.jpg,WL,train
gas_35858.jpg,WL,train
gas_3a32f8c5b3f0c22.jpg,WL,train
gas_278c5ad4f2b66dc6.jpg,WL,train
gas_27147.jpg,WL,train
gas_35185.jpg,WL,train
gas_26007.jpg,WL,train
gas_27744.jpg,WL,train
gas_32312.jpg,WL,train
gas_26005.jpg,WL,train
gas_34069.jpg,WL,train
gas_342a24a5133033a8.jpg,WL,train
gas_25859.jpg,WL,train
gas_1d95abdb74e1b017.jpg,WL,train
gas_7dbf807ddaaadf78.jpg,WL,train
gas_291f2e5e9b37f8ba.jpg,WL,train
gas_1f6937b3dc965b66.jpg,WL,train
gas_8845ee5ac45ffdd.jpg,WL,train
gas_26790.jpg,WL,train
gas_33052.jpg,WL,train
gas_3a7ededcd9c58396.jpg,WL,train
gas_8f54e2b822744b2c.jpg,WL,train
gas_d60c1ae01e66d17b.jpg,WL,train
gas_33050.jpg,WL,train
gas_33048.jpg,WL,train
gas_26651.jpg,WL,train
gas_32221.jpg,WL,train
gas_c6c369e7a6537037.jpg,WL,train
gas_37015.jpg,WL,train
gas_5fb5bc71c57284dd.jpg,WL,train
gas_c6c73548bf08fc7f.jpg,WL,train
gas_32978.jpg,WL,train
gas_32556.jpg,WL,train
gas_54d6bc5cb906d94.jpg,WL,train
gas_36585.jpg,WL,train
gas_25858.jpg,WL,train
gas_3f7795bf94d11d6e.jpg,WL,train
gas_3b4fbfa36ca002b7.jpg,WL,train
gas_26819.jpg,WL,train
gas_35189.jpg,WL,train
gas_25682.jpg,WL,train
gas_d04ae41df3ceb4c7.jpg,WL,train
gas_18fa77306cade93a.jpg,WL,train
gas_32251.jpg,WL,train
gas_26006.jpg,WL,train
gas_27332.jpg,WL,train
gas_1f058d3ba421a0d.jpg,WL,train
gas_27357.jpg,WL,train
gas_32691.jpg,WL,train
gas_34064.jpg,WL,train
gas_26444.jpg,WL,train
gas_32470.jpg,WL,train
gas_25860.jpg,WL,train
gas_32321.jpg,WL,train
gas_19a1b87987a36d93.jpg,WL,train
gas_5a0dfd31007ba27f.jpg,WL,train
gas_25612.jpg,WL,train
gas_bf8fb2e5ebaedf90.jpg,WL,train
gas_32558.jpg,WL,train
gas_25684.jpg,WL,train
gas_1d19616c455d2c73.jpg,WL,train
gas_36840.jpg,WL,train
gas_25857.jpg,WL,train
gas_34272.jpg,WL,train
gas_27614.jpg,WL,train
gas_73b76c45db2f601.jpg,WL,train
gas_35851.jpg,WL,train
gas_32937.jpg,WL,train
gas_27e107c6dca151bd.jpg,WL,train
gas_36837.jpg,WL,train
gas_3a1928754e28acee.jpg,WL,train
gas_25643.jpg,WL,train
gas_6e7d4dd65412ae6a.jpg,WL,train
gas_4ca4cca8086fb039.jpg,WL,train
gas_27615.jpg,WL,train
gas_26327.jpg,WL,train
gas_32318.jpg,WL,train
gas_32939.jpg,WL,train
gas_c4f3c81c65bff890.jpg,WL,train
gas_32693.jpg,WL,train
gas_33021.jpg,WL,train
gas_1c3ca76cac062000.jpg,WL,train
gas_25371.jpg,WL,train
gas_25611.jpg,WL,train
gas_1ab4416ae9833da8.jpg,WL,train
gas_64b2e96e90e48a8d.jpg,WL,train
gas_1ad6b85971287d54.jpg,WL,train
gas_1e68c5a7c1983d08.jpg,WL,train
gas_25366.jpg,WL,train
gas_931e890a0324a1ee.jpg,WL,train
gas_27554.jpg,WL,train
gas_453e00b5a92e6b87.jpg,WL,train
gas_35848.jpg,WL,train
gas_26667.jpg,WL,train
gas_32348.jpg,WL,train
gas_26761.jpg,WL,train
gas_32352.jpg,WL,train
gas_40bac38e22c7e23f.jpg,WL,train
gas_36932.jpg,WL,train
gas_26653.jpg,WL,train
gas_25727.jpg,WL,train
gas_26131.jpg,WL,train
gas_56c66fac4cd71e6f.jpg,WL,train
gas_3cac1c0bd08b2286.jpg,WL,train
gas_25365.jpg,WL,train
gas_492a0f21b30724b4.jpg,WL,train
gas_4ec3b0186d60d83c.jpg,WL,train
gas_26424.jpg,WL,train
gas_37199.jpg,WL,train
gas_49a2e19c32696f08.jpg,WL,train
gas_26133.jpg,WL,train
gas_d1024adc346e0ce1.jpg,WL,train
gas_32250.jpg,WL,train
gas_26426.jpg,WL,train
gas_95e1fdba0af270a9.jpg,WL,train
gas_37012.jpg,WL,train
gas_34065.jpg,WL,train
gas_824c08c10ce6f4b4.jpg,WL,train
gas_22f40f4d57fd6920.jpg,WL,train
gas_36001.jpg,WL,train
gas_26280.jpg,WL,train
gas_26165.jpg,WL,val
gas_26132.jpg,WL,val
gas_26425.jpg,WL,val
gas_3392d8d9a9127ae7.jpg,WL,val
gas_290a0fe1037218e2.jpg,WL,val
gas_33105.jpg,WL,val
gas_1f4b62d47b1cb68.jpg,WL,val
gas_3ceea0cf2b08bed7.jpg,WL,val
gas_40bb9d4fa3aca61d.jpg,WL,val
gas_25592.jpg,WL,val
gas_36897.jpg,WL,val
gas_26395.jpg,WL,val
gas_bf8fb7928a4e7abe.jpg,WL,val
gas_1aca7f58d315ad9f.jpg,WL,val
gas_32314.jpg,WL,val
gas_5241db4c6752a092.jpg,WL,val
gas_6e46f0e6267709af.jpg,WL,val
gas_27425.jpg,WL,val
gas_34319.jpg,WL,val
gas_56c445c1fc9c9575.jpg,WL,val
gas_27331.jpg,WL,val
gas_5e34528e8c399eee.jpg,WL,val
gas_27669.jpg,WL,val
gas_26200.jpg,WL,val
gas_d4a286a20b2be5b7.jpg,WL,val
gas_32248.jpg,WL,val
gas_22fc913e694d42c0.jpg,WL,val
gas_799c1c850fc93b68.jpg,WL,val
gas_87ee20334f4481dd.jpg,WL,val
gas_8804ac24857b58f9.jpg,WL,val
gas_35849.jpg,WL,val
gas_bf288b5730c45af6.jpg,WL,val
gas_33051.jpg,WL,val
gas_54c0cc0647f1942b.jpg,WL,val
gas_37194.jpg,WL,val
gas_5fbbad2944344102.jpg,WL,val
gas_26816.jpg,WL,val
gas_35846.jpg,WL,val
gas_25683.jpg,WL,val
gas_33137.jpg,WL,val
gas_40d4e5163052f857.jpg,WL,val
gas_26349.jpg,WL,val
gas_27746.jpg,WL,val
gas_25879.jpg,WL,val
gas_25685.jpg,WL,val
gas_32866.jpg,WL,val
gas_5a1f0460ae303b02.jpg,WL,val
gas_1f22a4ba32050f77.jpg,WL,val
gas_88b0ff7c9d8d4a8d.jpg,WL,val
gas_70b1c1f1d71355d0.jpg,WL,val
gas_32988.jpg,WL,val
gas_280e0a74c18c9605.jpg,WL,val
gas_33019.jpg,WL,val
gas_32370.jpg,WL,val
gas_27426.jpg,WL,val
gas_25593.jpg,WL,val
gas_2ddf96f2cd26b7a7.jpg,WL,val
gas_6378593d7339286e.jpg,WL,val
gas_34270.jpg,WL,val
gas_49ae3fee76e57690.jpg,WL,val
gas_36003.jpg,WL,val
gas_35844.jpg,WL,val
gas_f5f31d479f4fea70.jpg,WL,val
gas_27617.jpg,WL,val
gas_f4a94f2e221a2176.jpg,WL,val
gas_1f6cf8af1dfb8b40.jpg,WL,val
gas_2dfbb29cf035d76c.jpg,WL,val
gas_26167.jpg,WL,val
gas_c82f3fffa19d8271.jpg,WL,val
gas_7d0cd6e21f0a4b5.jpg,WL,val
gas_32867.jpg,WL,val
gas_26760.jpg,WL,val
gas_36836.jpg,WL,val
gas_36002.jpg,WL,val
gas_1e7d184c1aa78b89.jpg,WL,val
gas_26166.jpg,WL,val
gas_26347.jpg,WL,val
gas_3fed603fc49f4892.jpg,WL,val
gas_492ed8d19198f9c4.jpg,WL,val
gas_35186.jpg,WL,val
gas_26130.jpg,WL,val
gas_32979.jpg,WL,val
gas_27dfa997b296b80c.jpg,WL,val
gas_24c70e117324e2aa.jpg,WL,val
gas_32557.jpg,WL,val
gas_32863.jpg,WL,val
gas_35775.jpg,WL,val
gas_26238.jpg,WL,val
gas_25628.jpg,WL,val
gas_37200.jpg,WL,val
gas_1a1b517da6e2ab6c.jpg,WL,val
gas_26149.jpg,WL,val
gas_34322.jpg,WL,val
gas_35751.jpg,WL,val
gas_87e88993a4e1f201.jpg,WL,val
gas_70bdae0b5e61f7c2.jpg,WL,val
gas_37196.jpg,WL,val
gas_73bab434bb89184a.jpg,WL,val
gas_27429.jpg,WL,val
gas_bf631a7fc964bdf.jpg,WL,val
